pp,ProductName,ProductLink
100,Keyboard,https://images.pexels.com/photos/20510025/pexels-photo-20510025/free-photo-of-a-black-computer-keyboard-and-mouse-on-white-background.jpeg?auto=compress&cs=tinysrgb&w=1260&h=750&dpr=1
101,Hp Laptop,https://images.pexels.com/photos/17706646/pexels-photo-17706646/free-photo-of-news-on-laptop-screen.jpeg?auto=compress&cs=tinysrgb&w=1260&h=750&dpr=1
102,Dell Laptop,https://images.pexels.com/photos/1777023/pexels-photo-1777023.jpeg?auto=compress&cs=tinysrgb&w=1260&h=750&dpr=1
103,Acer Laptop,https://images.pexels.com/photos/12266706/pexels-photo-12266706.jpeg?auto=compress&cs=tinysrgb&w=1260&h=750&dpr=1
104,Asus Laptop,https://images.pexels.com/photos/1466609/pexels-photo-1466609.jpeg?auto=compress&cs=tinysrgb&w=1260&h=750&dpr=1
105,Macbook,https://images.pexels.com/photos/11451731/pexels-photo-11451731.jpeg?auto=compress&cs=tinysrgb&w=1260&h=750&dpr=1
106,Nike Shoes,https://images.pexels.com/photos/1070360/pexels-photo-1070360.jpeg?auto=compress&cs=tinysrgb&w=1260&h=750&dpr=1
107,Adidas Shoes,https://images.pexels.com/photos/812875/pexels-photo-812875.jpeg?auto=compress&cs=tinysrgb&w=1260&h=750&dpr=1
108,Puma Shoes,https://images.pexels.com/photos/2759783/pexels-photo-2759783.jpeg?auto=compress&cs=tinysrgb&w=1260&h=750&dpr=1
109,Reebok Shoes,https://images.pexels.com/photos/1143503/pexels-photo-1143503.jpeg?auto=compress&cs=tinysrgb&w=1260&h=750&dpr=1
110,Woodland Shoes,https://images.pexels.com/photos/1159670/pexels-photo-1159670.jpeg?auto=compress&cs=tinysrgb&w=1260&h=750&dpr=1
111,Bata Shoes,https://images.pexels.com/photos/292999/pexels-photo-292999.jpeg?auto=compress&cs=tinysrgb&w=1260&h=750&dpr=1
112,Sparx Shoes,https://images.pexels.com/photos/1122605/pexels-photo-1122605.jpeg?auto=compress&cs=tinysrgb&w=1260&h=750&dpr=1
113,Crocs,https://images.pexels.com/photos/28911909/pexels-photo-28911909/free-photo-of-colorful-crocs-on-autumn-leaves-in-talgar.jpeg?auto=compress&cs=tinysrgb&w=1260&h=750&dpr=1
114,Slippers,https://images.pexels.com/photos/1756086/pexels-photo-1756086.jpeg?auto=compress&cs=tinysrgb&w=1260&h=750&dpr=1
115,Birkenstock Sliders,https://images.pexels.com/photos/4996728/pexels-photo-4996728.jpeg?auto=compress&cs=tinysrgb&w=1260&h=750&dpr=1
116,Iphone,https://images.pexels.com/photos/248526/pexels-photo-248526.jpeg?auto=compress&cs=tinysrgb&w=1260&h=750&dpr=1
117,Redmi Phone,https://images.pexels.com/photos/1290515/pexels-photo-1290515.jpeg?auto=compress&cs=tin ysrgb&w=1260&h=750&dpr=1
118,Motorola Phone,https://images.pexels.com/photos/454699/pexels-photo-454699.jpeg?auto=compress&cs=tinysrgb&w=1260&h=750&dpr=1
119,Realme Phone,https://images.pexels.com/photos/1229456/pexels-photo-1229456.jpeg?auto=compress&cs=tinysrgb&w=1260&h=750&dpr=1
120,Oppo Phone,https://images.pexels.com/photos/163065/mobile-phone-android-apps-phone-163065.jpeg?auto=compress&cs=tinysrgb&w=1260&h=750&dpr=1
121,Vivo Phone,https://images.pexels.com/photos/389734/pexels-photo-389734.jpeg?auto=compress&cs=tinysrgb&w=1260&h=750&dpr=1
122,Samsung Phone,https://images.pexels.com/photos/47261/pexels-photo-47261.jpeg?auto=compress&cs=tinysrgb&w=1260&h=750&dpr=1
123,Nokia Phone,https://images.pexels.com/photos/7423/pexels-photo.jpg?auto=compress&cs=tinysrgb&w=1260&h=750&dpr=1
124,Goggle Pixel,https://images.pexels.com/photos/1482061/pexels-photo-1482061.jpeg?auto=compress&cs=tinysrgb&w=1260&h=750&dpr=1
125,Asus Phone,https://images.pexels.com/photos/248528/pexels-photo-248528.jpeg
126,Toy Plane,https://images.pexels.com/photos/255514/pexels-photo-255514.jpeg?auto=compress&cs=tinysrgb&w=1260&h=750&dpr=1
127,Toy Figure,https://images.pexels.com/photos/163036/mario-luigi-yoschi-figures-163036.jpeg?auto=compress&cs=tinysrgb&w=1260&h=750&dpr=1
128,Toy Animals,https://images.pexels.com/photos/1319572/pexels-photo-1319572.jpeg?auto=compress&cs=tinysrgb&w=1260&h=750&dpr=1
129,Toy House,https://images.pexels.com/photos/191360/pexels-photo-191360.jpeg?auto=compress&cs=tinysrgb&w=1260&h=750&dpr=1
130,Lego Toys,https://images.pexels.com/photos/163696/toy-car-toy-box-mini-163696.jpeg?auto=compress&cs=tinysrgb&w=1260&h=750&dpr=1
131,Teddy Bear,https://images.pexels.com/photos/207891/pexels-photo-207891.jpeg?auto=compress&cs=tinysrgb&w=1260&h=750&dpr=1
132,Toy Truck,https://images.pexels.com/photos/978710/pexels-photo-978710.jpeg?auto=compress&cs=tinysrgb&w=1260&h=750&dpr=1
133,Fidget Spinner,https://images.pexels.com/photos/1330638/pexels-photo-1330638.jpeg?auto=compress&cs=tinysrgb&w=1260&h=750&dpr=1
134,Toy Car,https://images.pexels.com/photos/2767818/pexels-photo-2767818.jpeg?auto=compress&cs=tinysrgb&w=1260&h=750&dpr=1
135,Earpods,https://images.pexels.com/photos/3780680/pexels-photo-3780680.jpeg?auto=compress&cs=tinysrgb&w=1260&h=750&dpr=1
136,One Plus Buds,https://images.pexels.com/photos/3780681/pexels-photo-3780681.jpeg?auto=compress&cs=tinysrgb&w=1260&h=750&dpr=1
137,Calculator,https://images.pexels.com/photos/6193086/pexels-photo-6193086.jpeg?auto=compress&cs=tinysrgb&w=1260&h=750&dpr=1
138,Led Bulb,https://images.pexels.com/photos/266688/pexels-photo-266688.jpeg?auto=compress&cs=tinysrgb&w=1260&h=750&dpr=1
139,Neon Bulb,https://images.pexels.com/photos/269318/pexels-photo-269318.jpeg?auto=compress&cs=tin ysrgb&w=1260&h=750&dpr=1
140,Washing Machine,https://images.pexels.com/photos/3935334/pexels-photo-3935334.jpeg?auto=compress&cs=tinysrgb&w=1260&h=750&dpr=1
141,Sofa 4 Seater,https://images.pexels.com/photos/12474787/pexels-photo-12474787.jpeg?auto=compress&cs=tinysrgb&w=1260&h=750&dpr=1
142,Sofa 6 Seater,https://images.pexels.com/photos/7160605/pexels-photo-7160605.jpeg?auto=compress&cs=tinysrgb&w=1260&h=750&dpr=1
143,Table Lamp,https://images.pexels.com/photos/112811/pexels-photo-112811.jpeg?auto=compress&cs=tinysrgb&w=1260&h=750&dpr=1
144,Wall Painting,https://images.pexels.com/photos/462235/pexels-photo-462235.jpeg?auto=compress&cs=tinysrgb&w=1260&h=750&dpr=1
145,3 Seater Sofa,https://images.pexels.com/photos/3209045/pexels-photo-3209045.jpeg?auto=compress&cs=tinysrgb&w=1260&h=750&dpr=1
146,L Shape Sofa,https://images.pexels.com/photos/276583/pexels-photo-276583.jpeg?auto=compress&cs=tinysrgb&w=1260&h=750&dpr=1
147,Tv Cabinet,https://images.pexels.com/photos/1827054/pexels-photo-1827054.jpeg?auto=compress&cs=tinysrgb&w=1260&h=750&dpr=1
148,Dining Table,https://images.pexels.com/photos/1080696/pexels-photo-1080696.jpeg?auto=compress&cs=tinysrgb&w=1260&h=750&dpr=1
149,Round Table,https://images.pexels.com/photos/447592/pexels-photo-447592.jpeg?auto=compress&cs=tinysrgb&w=1260&h=750&dpr=1
150,Book Shelf,https://images.pexels.com/photos/683929/pexels-photo-683929.jpeg?auto=compress&cs=tinysrgb&w=1260&h=750&dpr=1
151,White Tshirt,https://images.pexels.com/photos/991509/pexels-photo-991509.jpeg?auto=compress&cs=tinysrgb&w=1260&h=750&dpr=1
152,Black Tshirt,https://images.pexels.com/photos/1656684/pexels-photo-1656684.jpeg?auto=compress&cs=tinysrgb&w=1260&h=750&dpr=1
153,Peach Tshirt,https://images.pexels.com/photos/1484807/pexels-photo-1484807.jpeg?auto=compress&cs=tinysrgb&w=1260&h=750&dpr=1
154,Couple Tshirt,https://images.pexels.com/photos/991511/pexels-photo-991511.jpeg?auto=compress&cs=tinysrgb&w=1260&h=750&dpr=1
155,Green Tshirt,https://images.pexels.com/photos/1887975/pexels-photo-1887975.jpeg?auto=compress&cs=tinysrgb&w=1260&h=750&dpr=1
156,Print Tshirt,https://images.pexels.com/photos/1311590/pexels-photo-1311590.jpeg?auto=compress&cs=tinysrgb&w=1260&h=750&dpr=1
157,Print Dark Tshirt,https://images.pexels.com/photos/1861907/pexels-photo-1861907.jpeg?auto=compress&cs=tinysrgb&w=1260&h=750&dpr=1
158,Blue Tshirt,https://images.pexels.com/photos/1232459/pexels-photo-1232459.jpeg?auto=compress&cs=tinysrgb&w=1260&h=750&dpr=1
159,Blue Print Tshirt,https://images.pexels.com/photos/1561011/pexels-photo-1561011.jpeg?auto=compress&cs=tinysrgb&w=1260&h=750&dpr=1
160,Men Accessories Set,https://images.pexels.com/photos/1639729/pexels-photo-1639729.jpeg?auto=compress&cs=tinysrgb&w=1260&h =750&dpr=1
161,Yellow Tshirt,https://images.pexels.com/photos/2560894/pexels-photo-2560894.jpeg?auto=compress&cs=tinysrgb&w=1260&h=750&dpr=1
162,Red Tshirt,https://images.pexels.com/photos/2553790/pexels-photo-2553790.jpeg?auto=compress&cs=tinysrgb&w=1260&h=750&dpr=1
163,Brown Tshirt,https://images.pexels.com/photos/6311650/pexels-photo-6311650.jpeg?auto=compress&cs=tinysrgb&w=1260&h=750&dpr=1 
164,Yellow Hoodie,https://images.pexels.com/photos/1183266/pexels-photo-1183266.jpeg?auto=compress&cs=tinysrgb&w=1260&h=750&dpr=1
165,Grey Hoodie,https://images.pexels.com/photos/634785/pexels-photo-634785.jpeg?auto=compress&cs=tinysrgb&w=1260&h=750&dpr=1
166,Brown Hoodie,https://images.pexels.com/photos/713070/pexels-photo-713070.jpeg?auto=compress&cs=tinysrgb&w=1260&h=750&dpr=1
167,Blue Hoodie,https://images.pexels.com/photos/2046790/pexels-photo-2046790.jpeg?auto=compress&cs=tinysrgb&w=1260&h=750&dpr=1
168,Black Hoodie,https://images.pexels.com/photos/1035692/pexels-photo-1035692.jpeg?auto=compress&cs=tinysrgb&w=1260&h=750&dpr=1
169,Combo Hoodie,https://images.pexels.com/photos/15389450/pexels-photo-15389450/free-photo-of-photo-of-a-group-of-young-people-wearing-hoodies-in-different-colors.jpeg?auto=compress&cs=tinysrgb&w=1260&h=750&dpr=1
170,Ladies Colour Hoodie,https://images.pexels.com/photos/5257645/pexels-photo-5257645.jpeg?auto=compress&cs=tinysrgb&w=1260&h=750&dpr=1
171,Red Brown Hoodie,https://images.pexels.com/photos/1769068/pexels-photo-1769068.jpeg?auto=compress&cs=tinysrgb&w=1260&h=750&dpr=1
172,Red Sweathsirt,https://images.pexels.com/photos/845434/pexels-photo-845434.jpeg?auto=compress&cs=tinysrgb&w=1260&h=750&dpr=1
173,Adidas Sweathsirt,https://images.pexels.com/photos/3152187/pexels-photo-3152187.jpeg?auto=compress&cs=tinysrgb&w=1260&h=750&dpr=1
174,Ladies Sweathsirt,https://images.pexels.com/photos/6995871/pexels-photo-6995871.jpeg?auto=compress&cs=tinysrgb&w=1260&h=750&dpr=1
175,Red Jacket,https://images.pexels.com/photos/747470/pexels-photo-747470.jpeg?auto=compress&cs=tinysrgb&w=1260&h=750&dpr=1
176,Brown Jacket,https://images.pexels.com/photos/887898/pexels-photo-887898.jpeg?auto=compress&cs=tinysrgb&w=1260&h=750&dpr=1
177,Black Jacket,https://images.pexels.com/photos/1833082/pexels-photo-1833082.jpeg?auto=compress&cs=tinysrgb&w=1260&h=750&dpr=1
178,Leather Jacket,https://images.pexels.com/photos/1182826/pexels-photo-1182826.jpeg?auto=compress&cs=tinysrgb&w=1260&h=750&dpr=1
179,Print Jacket,https://images.pexels.com/photos/61120/pexels-photo-61120.jpeg?auto=compress&cs=tinysrgb&w=1260&h=750&dpr=1
180,Winter Jacket,https://images.pexels.com/photos/775091/pexels-photo-775091.jpeg?auto=compress&cs=tinysrgb&w=1260&h=750&dpr=1
181,Blue Jeans,https://images.pexels.com/photos/52518/jeans-pants-blue-shop-52518.jpeg?auto=compress&cs=tinysrgb&w=1260&h=750&dpr=1
182,Black Jeans,https://images.pexels.com/photos/2343661/pexels-photo-2343661.jpeg?auto=compress&cs=tinysrgb&w=1260&h=750&dpr=1
183,Blazer Set 1,https://images.pexels.com/photos/9834550/pexels-photo-9834550.jpeg?auto=compress&cs=tinysrgb&w=1260&h=750&dpr=1
184,Blazer Set 2,https://images.pexels.com/photos/7202805/pexels-photo-7202805.jpeg?auto=compress& cs=tinysrgb&w=1260&h=750&dpr=1
185,Blazer Set 3,https://images.pexels.com/photos/10548125/pexels-photo-10548125.jpeg?auto=compress&cs=tinysrgb&w=1260&h=750&dpr=1
186,Scissor,https://images.pexels.com/photos/5412334/pexels-photo-5412334.jpeg?auto=compress&cs=tinysrgb&w=1260&h=750&dpr=1
187,White Blazer,https://images.pexels.com/photos/28321438/pexels-photo-28321438/free-photo-of-a-row-of-white-shirts-hanging-on-a-rack.jpeg?auto=compress&cs=tinysrgb&w=1260&h=750&dpr=1
188,Blazer Set 4,https://images.pexels.com/photos/7202776/pexels-photo-7202776.jpeg?auto=compress&cs=tinysrgb&w=1260&h=750&dpr=1
189,Blazer Set 5,https://images.pexels.com/photos/8485857/pexels-photo-8485857.jpeg?auto=compress&cs=tinysrgb&w=1260&h=750&dpr=1
190,Blazer Colourful,https://images.pexels.com/photos/4646879/pexels-photo-4646879.jpeg?auto=compress&cs=tinysrgb&w=1260&h=750&dpr=1
191,pen,https://images.pexels.com/photos/9598087/pexels-photo-9598087.jpeg?auto=compress&cs=tinysrgb&w=1260&h=750&dpr=1
192,Notebook,https://images.pexels.com/photos/13407343/pexels-photo-13407343.jpeg?auto=compress&cs=tinysrgb&w=1260&h=750&dpr=1
193,Gel Pen,https://images.pexels.com/photos/159585/stationery-pencil-mechanical-pencil-simple-159585.jpeg?auto=compress&cs=tinysrgb&w=1260&h=750&dpr=1
194,Pin,https://images.pexels.com/photos/965117/pexels-photo-965117.jpeg?auto=compress&cs=tinysrgb&w=1260&h=750&dpr=1
195,pen Stand,https://images.pexels.com/photos/5726032/pexels-photo-5726032.jpeg?auto=compress&cs=tinysrgb&w=1260&h=750&dpr=1
196,Eraser,https://images.pexels.com/photos/35202/eraser-office-supplies-office-office-accessories.jpg?auto=compress&cs=tinysrgb&w=1260&h=750&dpr=1
197,Pencil,https://images.pexels.com/photos/159752/pencil-office-design-creative-159752.jpeg?auto=compress&cs=tinysrgb&w=1260&h=750&dpr=1
198,Tape,https://images.pexels.com/photos/8250941/pexels-photo-8250941.jpeg?auto=compress&cs=tinysrgb&w=1260&h=750&dpr=1
199,Traveller Backpack,/parth.jpg
200,Sunglasses,/satan.jpg