username,userid,profile_picture
Lisa Hurley,100,https://randomuser.me/api/portraits/men/0.jpg
Brian Bradley,101,https://randomuser.me/api/portraits/men/1.jpg
Rick Fitzpatrick,102,https://randomuser.me/api/portraits/men/2.jpg
Wayne Molina,103,https://randomuser.me/api/portraits/men/3.jpg
Tyler Guerrero,104,https://randomuser.me/api/portraits/men/4.jpg
Alisha Smith,105,https://randomuser.me/api/portraits/men/5.jpg
Carol Walker,106,https://randomuser.me/api/portraits/men/6.jpg
Kelly Williams,107,https://randomuser.me/api/portraits/men/7.jpg
Lisa Martinez,108,https://randomuser.me/api/portraits/men/8.jpg
Angel Boone,109,https://randomuser.me/api/portraits/men/9.jpg
Michael Chandler,110,https://randomuser.me/api/portraits/men/10.jpg
Tracie Garcia,111,https://randomuser.me/api/portraits/men/11.jpg
Cassandra Werner,112,https://randomuser.me/api/portraits/men/12.jpg
Charles Goodman,113,https://randomuser.me/api/portraits/men/13.jpg
Ms. Christine Morris MD,114,https://randomuser.me/api/portraits/men/14.jpg
Rachel Marks,115,https://randomuser.me/api/portraits/men/15.jpg
Cassandra Werner,116,https://randomuser.me/api/portraits/men/16.jpg
John Lewis,117,https://randomuser.me/api/portraits/men/17.jpg
Lauren Boone,118,https://randomuser.me/api/portraits/men/18.jpg
Matthew Smith,119,https://randomuser.me/api/portraits/men/19.jpg
Brian Bradley,120,https://randomuser.me/api/portraits/men/20.jpg
Amber Gross,121,https://randomuser.me/api/portraits/men/21.jpg
Sabrina Garcia,122,https://randomuser.me/api/portraits/men/22.jpg
Alisha Smith,123,https://randomuser.me/api/portraits/men/23.jpg
Heather Miller,124,https://randomuser.me/api/portraits/men/24.jpg
Michael Huang,125,https://randomuser.me/api/portraits/men/26.jpg
Christine Bond,126,https://randomuser.me/api/portraits/men/27.jpg
Michaela Palmer,127,https://randomuser.me/api/portraits/men/28.jpg
Cameron Reeves MD,128,https://randomuser.me/api/portraits/men/29.jpg
Andrew Morris,129,https://randomuser.me/api/portraits/men/30.jpg
Roger Vazquez,130,https://randomuser.me/api/portraits/men/31.jpg
Mr. Scott Brown,131,https://randomuser.me/api/portraits/men/32.jpg
Heather Miller,132,https://randomuser.me/api/portraits/men/33.jpg
Carol Walker,133,https://randomuser.me/api/portraits/men/34.jpg
Antonio Poole,134,https://randomuser.me/api/portraits/men/35.jpg
Bethany Phillips,135,https://randomuser.me/api/portraits/men/36.jpg
Kimberly Carrillo,136,https://randomuser.me/api/portraits/men/37.jpg
Lisa Young,137,https://randomuser.me/api/portraits/men/38.jpg
Dr. Molly Stephens,138,https://randomuser.me/api/portraits/men/39.jpg
Lisa Martinez,139,https://randomuser.me/api/portraits/men/40.jpg
Travis Carter,140,https://randomuser.me/api/portraits/men/41.jpg
Kevin Cross,141,https://randomuser.me/api/portraits/men/42.jpg
Monica Blake,142,https://randomuser.me/api/portraits/men/43.jpg
Amanda Rodriguez,143,https://randomuser.me/api/portraits/men/44.jpg
William Robinson,144,https://randomuser.me/api/portraits/men/45.jpg
John Lewis,145,https://randomuser.me/api/portraits/men/46.jpg
Michael Chandler,146,https://randomuser.me/api/portraits/men/47.jpg
Carol Walker,147,https://randomuser.me/api/portraits/men/48.jpg
Lori Reed,148,https://randomuser.me/api/portraits/men/49.jpg
Sabrina Garcia,149,https://randomuser.me/api/portraits/men/50.jpg
William Robinson,150,https://randomuser.me/api/portraits/men/51.jpg
Lori Reed,151,https://randomuser.me/api/portraits/men/52.jpg
Larry Medina,152,https://randomuser.me/api/portraits/men/53.jpg
Regina Bennett,153,https://randomuser.me/api/portraits/men/54.jpg
Jill Ward,154,https://randomuser.me/api/portraits/men/55.jpg
Christine Bond,155,https://randomuser.me/api/portraits/men/56.jpg
Antonio Poole,156,https://randomuser.me/api/portraits/men/57.jpg
Joseph Michael,157,https://randomuser.me/api/portraits/men/58.jpg
Alicia Munoz,158,https://randomuser.me/api/portraits/men/59.jpg
Hannah Mitchell,159,https://randomuser.me/api/portraits/men/60.jpg
Emily Chapman,160,https://randomuser.me/api/portraits/men/61.jpg
Christian Bridges,161,https://randomuser.me/api/portraits/men/62.jpg
William Robinson,162,https://randomuser.me/api/portraits/men/63.jpg
Lauren Boone,163,https://randomuser.me/api/portraits/men/64.jpg
Tracie Garcia,164,https://randomuser.me/api/portraits/men/65.jpg
Lori Wilkins,165,https://randomuser.me/api/portraits/men/66.jpg
Kristen Higgins,166,https://randomuser.me/api/portraits/men/67.jpg
Christian Bridges,167,https://randomuser.me/api/portraits/men/68.jpg
Christine Bond,168,https://randomuser.me/api/portraits/men/69.jpg
Kevin Cross,169,https://randomuser.me/api/portraits/men/70.jpg
Evelyn Raymond,170,https://randomuser.me/api/portraits/men/71.jpg
Lawrence Crane,171,https://randomuser.me/api/portraits/men/72.jpg
Andrew Morris,172,https://randomuser.me/api/portraits/men/73.jpg
Sarah Abbott,173,https://randomuser.me/api/portraits/men/74.jpg
Monica Blake,174,https://randomuser.me/api/portraits/men/75.jpg
Sean Sanchez,175,https://randomuser.me/api/portraits/men/76.jpg
Roger Vazquez,176,https://randomuser.me/api/portraits/men/77.jpg
Kristen Higgins,177,https://randomuser.me/api/portraits/men/78.jpg
Natalie Brown,178,https://randomuser.me/api/portraits/men/79.jpg
Richard Gonzalez,179,https://randomuser.me/api/portraits/men/80.jpg
Angel Boone,180,https://randomuser.me/api/portraits/men/81.jpg
Rick Fitzpatrick,181,https://randomuser.me/api/portraits/men/82.jpg
Wayne Molina,182,https://randomuser.me/api/portraits/men/83.jpg
Ms. Christine Morris MD,183,https://randomuser.me/api/portraits/men/84.jpg
Kirsten Elliott,184,https://randomuser.me/api/portraits/men/85.jpg
Richard Mcintosh,185,https://randomuser.me/api/portraits/men/86.jpg
Bethany Phillips,186,https://randomuser.me/api/portraits/men/87.jpg
Michael Huang,187,https://randomuser.me/api/portraits/men/88.jpg
Christine Bond,188,https://randomuser.me/api/portraits/men/89.jpg
Michaela Palmer,189,https://randomuser.me/api/portraits/men/90.jpg
Lawrence Crane,190,https://randomuser.me/api/portraits/men/91.jpg
Tracie Garcia,191,https://randomuser.me/api/portraits/men/92.jpg
Tyler Guerrero,192,https://randomuser.me/api/portraits/men/93.jpg
Amanda Thornton,193,https://randomuser.me/api/portraits/men/94.jpg
Brianna Perez,194,https://randomuser.me/api/portraits/women/95.jpg
Samantha Reed,195,https://randomuser.me/api/portraits/women/96.jpg
Victoria James,196,https://randomuser.me/api/portraits/women/97.jpg
Megan Bennett,197,https://randomuser.me/api/portraits/women/98.jpg
Ashley Campbell,198,https://randomuser.me/api/portraits/women/99.jpg
Hannah Mitchell,199,https://randomuser.me/api/portraits/women/100.jpg
dasi yashasvi,200,https://randomuser.me/api/portraits/men/100.jpg
